date,channel,provider,total_sent,total_delivered,total_failed,delivery_rate,p50_latency_ms,p95_latency_ms,p99_latency_ms,cost_inr,circuit_opens,avg_retry_count
2025-12-01,sms,msg91,14342,13360,982,0.9315,2734,4664,24735,28.68,0,0.13
2025-12-01,sms,twilio,17074,16382,692,0.9595,1772,4376,16256,34.15,0,0.045
2025-12-01,email,nodemailer,11996,10744,1252,0.8956,1395,9504,15759,3.6,0,0.147
2025-12-01,push,fcm,20934,15510,5424,0.7409,1419,10457,17616,0,0,0.064
2025-12-01,whatsapp,whatsapp_cloud,8363,7730,633,0.9243,2177,5416,41359,41.81,0,0.143
2025-12-01,in_app,internal,8277,8268,9,0.9989,1541,11153,42610,0,0,0.052
2025-12-02,sms,msg91,15610,14933,677,0.9566,2163,8505,38991,31.22,0,0.076
2025-12-02,sms,twilio,15319,14424,895,0.9416,1897,10912,18205,30.64,0,0.044
2025-12-02,email,nodemailer,10206,9075,1131,0.8892,1929,10153,27360,3.06,0,0.054
2025-12-02,push,fcm,20087,15715,4372,0.7823,2058,10962,41575,0,0,0.101
2025-12-02,whatsapp,whatsapp_cloud,9629,9203,426,0.9558,1110,9352,41006,48.15,0,0.125
2025-12-02,in_app,internal,7420,7275,145,0.9805,1808,4941,28112,0,0,0.114
2025-12-03,sms,msg91,16106,15182,924,0.9426,2359,5944,16916,32.21,0,0.107
2025-12-03,sms,twilio,13723,13472,251,0.9817,2084,9485,30313,27.45,0,0.091
2025-12-03,email,nodemailer,10907,9803,1104,0.8988,1721,4270,25787,3.27,0,0.096
2025-12-03,push,fcm,18897,14585,4312,0.7718,2412,6595,31890,0,0,0.129
2025-12-03,whatsapp,whatsapp_cloud,9260,8467,793,0.9144,2935,7676,21361,46.3,0,0.02
2025-12-03,in_app,internal,9098,9090,8,0.9991,2001,4792,35769,0,0,0.105
2025-12-04,sms,msg91,13263,12511,752,0.9433,2148,7839,21257,26.53,0,0.023
2025-12-04,sms,twilio,14519,13581,938,0.9354,2140,4374,37360,29.04,0,0.137
2025-12-04,email,nodemailer,11406,10258,1148,0.8994,1999,10898,28061,3.42,0,0.138
2025-12-04,push,fcm,22093,16646,5447,0.7535,1356,10524,20979,0,0,0.027
2025-12-04,whatsapp,whatsapp_cloud,10059,9367,692,0.9312,1574,7091,37576,50.3,0,0.147
2025-12-04,in_app,internal,7875,7983,-108,1.0137,1314,4467,41291,0,0,0.063
2025-12-05,sms,msg91,17213,16081,1132,0.9342,2445,4613,36778,34.43,0,0.061
2025-12-05,sms,twilio,13546,13032,514,0.9621,1317,7315,20833,27.09,0,0.033
2025-12-05,email,nodemailer,12913,11929,984,0.9238,1285,4732,33795,3.87,0,0.036
2025-12-05,push,fcm,20615,15677,4938,0.7605,2423,9541,17758,0,2,0.058
2025-12-05,whatsapp,whatsapp_cloud,9932,9362,570,0.9426,1274,7077,36349,49.66,0,0.08
2025-12-05,in_app,internal,8378,8421,-43,1.0051,1166,5381,16136,0,0,0.029
2025-12-06,sms,msg91,6563,6324,239,0.9636,1447,10043,43158,13.13,0,0.027
2025-12-06,sms,twilio,6533,6364,169,0.9741,1284,10238,24044,13.07,0,0.087
2025-12-06,email,nodemailer,4174,3743,431,0.8967,2528,10080,35858,1.25,0,0.149
2025-12-06,push,fcm,8320,6255,2065,0.7518,1094,4494,22455,0,0,0.05
2025-12-06,whatsapp,whatsapp_cloud,3981,3648,333,0.9164,961,10701,25548,19.91,0,0.09
2025-12-06,in_app,internal,3229,3250,-21,1.0065,2577,9928,18515,0,0,0.085
2025-12-07,sms,msg91,5300,5177,123,0.9768,1824,10281,35870,10.6,0,0.054
2025-12-07,sms,twilio,5709,5505,204,0.9643,2556,11055,23780,11.42,0,0.12
2025-12-07,email,nodemailer,4941,4535,406,0.9178,2863,6954,24392,1.48,0,0.041
2025-12-07,push,fcm,9278,6917,2361,0.7455,1764,5038,20962,0,0,0.039
2025-12-07,whatsapp,whatsapp_cloud,3249,2975,274,0.9157,2550,4391,32674,16.25,0,0.075
2025-12-07,in_app,internal,2724,2648,76,0.9721,1955,11971,25181,0,0,0.023
2025-12-08,sms,msg91,13606,12681,925,0.932,2009,7235,34393,27.21,2,0.03
2025-12-08,sms,twilio,16416,16065,351,0.9786,1083,8130,17692,32.83,0,0.038
2025-12-08,email,nodemailer,12426,11371,1055,0.9151,1842,9489,28607,3.73,0,0.094
2025-12-08,push,fcm,20639,16043,4596,0.7773,2498,8132,31024,0,0,0.061
2025-12-08,whatsapp,whatsapp_cloud,8248,7658,590,0.9285,1045,6214,18282,41.24,0,0.086
2025-12-08,in_app,internal,9137,9162,-25,1.0027,1518,6937,22205,0,0,0.068
2025-12-09,sms,msg91,16002,15749,253,0.9842,2933,5910,23701,32.0,0,0.087
2025-12-09,sms,twilio,15555,15083,472,0.9697,1297,5726,38408,31.11,0,0.134
2025-12-09,email,nodemailer,11166,9909,1257,0.8874,1693,7924,23518,3.35,0,0.122
2025-12-09,push,fcm,21598,16338,5260,0.7565,905,7640,28238,0,0,0.055
2025-12-09,whatsapp,whatsapp_cloud,7983,7528,455,0.943,2586,5377,29213,39.91,0,0.054
2025-12-09,in_app,internal,8216,8000,216,0.9737,2027,7036,39288,0,0,0.086
2025-12-10,sms,msg91,16640,15732,908,0.9454,2652,10592,23982,33.28,0,0.08
2025-12-10,sms,twilio,17084,16383,701,0.959,2136,9399,35221,34.17,0,0.027
2025-12-10,email,nodemailer,12242,11365,877,0.9284,1096,10808,40598,3.67,0,0.064
2025-12-10,push,fcm,20448,15166,5282,0.7417,1787,11024,41297,0,0,0.115
2025-12-10,whatsapp,whatsapp_cloud,9617,9089,528,0.9451,2716,5099,24345,48.09,0,0.028
2025-12-10,in_app,internal,8236,8219,17,0.9979,934,4172,23024,0,0,0.056
2025-12-11,sms,msg91,15449,15274,175,0.9887,2082,7547,31582,30.9,0,0.113
2025-12-11,sms,twilio,16157,15143,1014,0.9372,1573,7055,18925,32.31,0,0.05
2025-12-11,email,nodemailer,12719,11376,1343,0.8944,2871,4667,32402,3.82,0,0.058
2025-12-11,push,fcm,25057,18775,6282,0.7493,1858,10547,26808,0,0,0.098
2025-12-11,whatsapp,whatsapp_cloud,8032,7263,769,0.9043,1492,10565,34270,40.16,0,0.138
2025-12-11,in_app,internal,7160,6953,207,0.9711,1958,5933,21510,0,0,0.046
2025-12-12,sms,msg91,16248,15764,484,0.9702,1176,9327,36782,32.5,0,0.064
2025-12-12,sms,twilio,17225,16677,548,0.9682,1659,10090,32397,34.45,0,0.087
2025-12-12,email,nodemailer,10983,10196,787,0.9283,1627,7261,38790,3.29,0,0.043
2025-12-12,push,fcm,21008,16232,4776,0.7727,2390,11350,36017,0,0,0.088
2025-12-12,whatsapp,whatsapp_cloud,9646,8946,700,0.9274,2539,10929,35620,48.23,0,0.09
2025-12-12,in_app,internal,7505,7699,-194,1.0258,1056,4680,16321,0,0,0.141
2025-12-13,sms,msg91,6545,6218,327,0.95,2889,8990,25859,13.09,0,0.115
2025-12-13,sms,twilio,6577,6183,394,0.9401,1860,4270,33816,13.15,0,0.147
2025-12-13,email,nodemailer,5504,5118,386,0.9299,809,4405,36475,1.65,0,0.137
2025-12-13,push,fcm,8444,6397,2047,0.7576,2420,7852,31990,0,0,0.035
2025-12-13,whatsapp,whatsapp_cloud,3647,3409,238,0.9347,1106,5263,29969,18.23,0,0.038
2025-12-13,in_app,internal,3032,3024,8,0.9974,2077,5454,35441,0,0,0.082
2025-12-14,sms,msg91,6235,5982,253,0.9594,901,11706,23513,12.47,3,0.143
2025-12-14,sms,twilio,5233,4948,285,0.9455,2498,7072,31069,10.47,0,0.104
2025-12-14,email,nodemailer,5499,4954,545,0.9009,2606,6460,40898,1.65,0,0.034
2025-12-14,push,fcm,8208,6337,1871,0.7721,2213,4538,28145,0,0,0.025
2025-12-14,whatsapp,whatsapp_cloud,3397,3077,320,0.9058,1325,9859,18671,16.98,0,0.07
2025-12-14,in_app,internal,3649,3714,-65,1.0178,1004,7305,44205,0,0,0.061
2025-12-15,sms,msg91,16107,15356,751,0.9534,1835,10878,35855,32.21,0,0.139
2025-12-15,sms,twilio,14438,13798,640,0.9557,1490,5434,21758,28.88,0,0.054
2025-12-15,email,nodemailer,10751,9694,1057,0.9017,1974,9128,37835,3.23,0,0.072
2025-12-15,push,fcm,22590,16755,5835,0.7417,1470,7731,25705,0,0,0.118
2025-12-15,whatsapp,whatsapp_cloud,9438,8840,598,0.9366,1413,9754,38906,47.19,0,0.037
2025-12-15,in_app,internal,8141,8019,122,0.985,1423,4059,42263,0,0,0.076
2025-12-16,sms,msg91,13086,12809,277,0.9788,1472,11619,41789,26.17,0,0.147
2025-12-16,sms,twilio,16741,15939,802,0.9521,1553,10614,25715,33.48,0,0.041
2025-12-16,email,nodemailer,10758,9713,1045,0.9029,2789,9905,15023,3.23,0,0.045
2025-12-16,push,fcm,22902,17862,5040,0.7799,1137,9249,35946,0,0,0.058
2025-12-16,whatsapp,whatsapp_cloud,8662,8293,369,0.9574,963,9882,40569,43.31,0,0.033
2025-12-16,in_app,internal,7019,6890,129,0.9816,1679,9905,18634,0,0,0.039
2025-12-17,sms,msg91,14984,14734,250,0.9833,1224,6371,17825,29.97,0,0.134
2025-12-17,sms,twilio,16223,15391,832,0.9487,1000,5442,32161,32.45,0,0.079
2025-12-17,email,nodemailer,10679,9941,738,0.9309,1830,5620,40490,3.2,0,0.031
2025-12-17,push,fcm,23216,18135,5081,0.7811,1549,5940,16328,0,0,0.1
2025-12-17,whatsapp,whatsapp_cloud,9086,8586,500,0.945,2799,7244,26851,45.43,0,0.131
2025-12-17,in_app,internal,8111,7981,130,0.984,1934,10556,36825,0,0,0.056
2025-12-18,sms,msg91,16334,15882,452,0.9723,1416,6471,43317,32.67,0,0.096
2025-12-18,sms,twilio,15296,14472,824,0.9461,1640,5753,40472,30.59,0,0.082
2025-12-18,email,nodemailer,11362,10130,1232,0.8916,2661,9201,20410,3.41,0,0.128
2025-12-18,push,fcm,20304,15893,4411,0.7828,2181,4672,41878,0,0,0.142
2025-12-18,whatsapp,whatsapp_cloud,8759,8317,442,0.9495,1278,6189,37189,43.8,0,0.092
2025-12-18,in_app,internal,7920,7996,-76,1.0096,2865,11148,39474,0,0,0.149
2025-12-19,sms,msg91,13384,12822,562,0.958,2691,7060,43480,26.77,0,0.095
2025-12-19,sms,twilio,16321,16082,239,0.9854,1297,4103,18723,32.64,0,0.077
2025-12-19,email,nodemailer,12160,11103,1057,0.9131,1076,10742,41415,3.65,0,0.057
2025-12-19,push,fcm,20027,15510,4517,0.7745,2609,7346,44172,0,0,0.03
2025-12-19,whatsapp,whatsapp_cloud,9341,8925,416,0.9555,1515,10655,44488,46.7,0,0.048
2025-12-19,in_app,internal,7035,6944,91,0.9871,2269,10911,25324,0,0,0.121
2025-12-20,sms,msg91,6413,6036,377,0.9412,1804,9013,34878,12.83,0,0.143
2025-12-20,sms,twilio,6547,6430,117,0.9821,2207,11572,42959,13.09,0,0.024
2025-12-20,email,nodemailer,4861,4306,555,0.8858,2212,5127,29445,1.46,1,0.021
2025-12-20,push,fcm,10004,7416,2588,0.7413,1537,5985,20801,0,0,0.118
2025-12-20,whatsapp,whatsapp_cloud,4136,3908,228,0.9449,989,9489,17014,20.68,0,0.129
2025-12-20,in_app,internal,3354,3322,32,0.9905,1211,4170,30573,0,0,0.067
2025-12-21,sms,msg91,6213,5887,326,0.9475,918,7526,44648,12.43,3,0.092
2025-12-21,sms,twilio,5811,5666,145,0.975,1786,7980,35243,11.62,0,0.141
2025-12-21,email,nodemailer,5371,4913,458,0.9147,1714,6064,22242,1.61,0,0.084
2025-12-21,push,fcm,9189,7040,2149,0.7661,2760,7837,39048,0,0,0.133
2025-12-21,whatsapp,whatsapp_cloud,3268,3059,209,0.936,882,7044,32801,16.34,0,0.125
2025-12-21,in_app,internal,3563,3578,-15,1.0042,2795,7222,37122,0,0,0.104
2025-12-22,sms,msg91,13812,13535,277,0.9799,2989,4827,15301,27.62,0,0.121
2025-12-22,sms,twilio,16646,16153,493,0.9704,850,9275,19424,33.29,0,0.139
2025-12-22,email,nodemailer,13292,12012,1280,0.9037,1327,7995,44351,3.99,0,0.051
2025-12-22,push,fcm,23149,17517,5632,0.7567,1858,5648,20785,0,0,0.077
2025-12-22,whatsapp,whatsapp_cloud,10056,9501,555,0.9448,2096,4859,30056,50.28,0,0.07
2025-12-22,in_app,internal,8067,8080,-13,1.0016,1261,7987,21097,0,1,0.026
2025-12-23,sms,msg91,14718,14006,712,0.9516,2590,10317,21595,29.44,0,0.082
2025-12-23,sms,twilio,13460,12701,759,0.9436,1973,5652,30290,26.92,0,0.042
2025-12-23,email,nodemailer,11129,10380,749,0.9327,1064,4789,44781,3.34,0,0.135
2025-12-23,push,fcm,20987,16250,4737,0.7743,827,8957,27041,0,0,0.032
2025-12-23,whatsapp,whatsapp_cloud,8872,8119,753,0.9151,2907,6688,29858,44.36,0,0.092
2025-12-23,in_app,internal,9049,8786,263,0.9709,2393,4387,44030,0,0,0.066
2025-12-24,sms,msg91,16707,16153,554,0.9668,855,6427,38395,33.41,0,0.05
2025-12-24,sms,twilio,14477,13798,679,0.9531,2659,10807,43056,28.95,0,0.064
2025-12-24,email,nodemailer,12923,11778,1145,0.9114,901,10057,44451,3.88,0,0.03
2025-12-24,push,fcm,21978,16710,5268,0.7603,2698,8565,26496,0,0,0.134
2025-12-24,whatsapp,whatsapp_cloud,7705,7324,381,0.9506,2940,7395,38643,38.52,0,0.038
2025-12-24,in_app,internal,7750,7719,31,0.996,1510,7219,32155,0,0,0.149
2025-12-25,sms,msg91,16636,16358,278,0.9833,1239,7515,16296,33.27,0,0.035
2025-12-25,sms,twilio,15668,14760,908,0.942,2257,9191,21027,31.34,0,0.027
2025-12-25,email,nodemailer,11896,10708,1188,0.9001,1732,5188,40905,3.57,0,0.082
2025-12-25,push,fcm,25102,18701,6401,0.745,1777,7799,28341,0,0,0.122
2025-12-25,whatsapp,whatsapp_cloud,9068,8417,651,0.9282,1753,10222,33099,45.34,0,0.05
2025-12-25,in_app,internal,6928,7049,-121,1.0175,2917,10720,36816,0,0,0.111
2025-12-26,sms,msg91,14195,13521,674,0.9525,1954,7140,37262,28.39,0,0.035
2025-12-26,sms,twilio,14759,13888,871,0.941,2338,4586,31314,29.52,0,0.085
2025-12-26,email,nodemailer,13610,12337,1273,0.9065,1082,11593,44067,4.08,0,0.113
2025-12-26,push,fcm,24351,18510,5841,0.7601,1935,11853,41716,0,0,0.116
2025-12-26,whatsapp,whatsapp_cloud,9488,8983,505,0.9468,2667,6869,37494,47.44,0,0.034
2025-12-26,in_app,internal,7213,7024,189,0.9738,2701,4056,25053,0,0,0.144
2025-12-27,sms,msg91,5223,5110,113,0.9784,2758,10611,36832,10.45,0,0.068
2025-12-27,sms,twilio,6849,6502,347,0.9493,2915,10192,38484,13.7,0,0.076
2025-12-27,email,nodemailer,4549,4028,521,0.8855,1352,10410,20255,1.36,0,0.022
2025-12-27,push,fcm,8289,6285,2004,0.7582,1411,9263,33979,0,0,0.135
2025-12-27,whatsapp,whatsapp_cloud,4073,3764,309,0.9241,1762,11738,26404,20.37,0,0.077
2025-12-27,in_app,internal,3244,3193,51,0.9843,2807,11160,23160,0,0,0.118
2025-12-28,sms,msg91,6350,6018,332,0.9477,2562,7650,19132,12.7,0,0.064
2025-12-28,sms,twilio,5561,5463,98,0.9824,2911,10018,21920,11.12,0,0.13
2025-12-28,email,nodemailer,4271,3897,374,0.9124,2047,6815,27426,1.28,0,0.142
2025-12-28,push,fcm,8125,6323,1802,0.7782,2004,8881,19009,0,0,0.124
2025-12-28,whatsapp,whatsapp_cloud,3593,3291,302,0.9159,2571,4259,42212,17.96,0,0.045
2025-12-28,in_app,internal,3307,3337,-30,1.0091,2001,9251,43351,0,0,0.053
2025-12-29,sms,msg91,14919,14211,708,0.9525,1038,6096,33347,29.84,0,0.025
2025-12-29,sms,twilio,13466,13009,457,0.9661,1119,8504,22252,26.93,0,0.138
2025-12-29,email,nodemailer,13193,11856,1337,0.8987,2545,10661,26180,3.96,0,0.045
2025-12-29,push,fcm,20187,15506,4681,0.7681,2670,9286,28817,0,0,0.07
2025-12-29,whatsapp,whatsapp_cloud,8018,7617,401,0.95,1889,4386,24004,40.09,0,0.098
2025-12-29,in_app,internal,8252,8295,-43,1.0052,1073,4726,35319,0,0,0.066
2025-12-30,sms,msg91,13296,12527,769,0.9422,1325,11799,32489,26.59,0,0.049
2025-12-30,sms,twilio,13156,12285,871,0.9338,1291,8082,39940,26.31,0,0.117
2025-12-30,email,nodemailer,10717,9495,1222,0.886,817,8658,37073,3.22,0,0.091
2025-12-30,push,fcm,21829,16435,5394,0.7529,2715,11251,15868,0,0,0.046
2025-12-30,whatsapp,whatsapp_cloud,9388,8965,423,0.9549,2461,7682,24400,46.94,0,0.132
2025-12-30,in_app,internal,8964,8914,50,0.9944,2248,11847,29079,0,0,0.137
2025-12-31,sms,msg91,15208,14540,668,0.9561,905,7516,27705,30.42,0,0.102
2025-12-31,sms,twilio,13900,13311,589,0.9576,1506,11446,42509,27.8,0,0.102
2025-12-31,email,nodemailer,10284,9376,908,0.9117,1158,6076,27363,3.09,0,0.033
2025-12-31,push,fcm,20968,15787,5181,0.7529,1289,8437,43008,0,0,0.061
2025-12-31,whatsapp,whatsapp_cloud,7951,7594,357,0.9551,2034,9833,17690,39.76,0,0.142
2025-12-31,in_app,internal,7439,7247,192,0.9742,2027,6206,35324,0,0,0.127
2026-01-01,sms,msg91,14869,14053,816,0.9451,1182,8224,28462,29.74,0,0.142
2026-01-01,sms,twilio,12875,12571,304,0.9764,911,7535,33380,25.75,0,0.147
2026-01-01,email,nodemailer,11260,10015,1245,0.8894,2264,9003,25984,3.38,3,0.045
2026-01-01,push,fcm,22617,16814,5803,0.7434,1504,10621,19749,0,0,0.046
2026-01-01,whatsapp,whatsapp_cloud,7787,7252,535,0.9313,1428,6671,33932,38.94,0,0.111
2026-01-01,in_app,internal,7656,7512,144,0.9812,1222,5654,33913,0,0,0.127
2026-01-02,sms,msg91,15081,14268,813,0.9461,2912,8933,37390,30.16,0,0.074
2026-01-02,sms,twilio,16845,16397,448,0.9734,1336,6497,23343,33.69,0,0.111
2026-01-02,email,nodemailer,12765,11804,961,0.9247,2255,5098,35605,3.83,0,0.075
2026-01-02,push,fcm,23397,18311,5086,0.7826,1864,10565,41668,0,0,0.029
2026-01-02,whatsapp,whatsapp_cloud,7851,7126,725,0.9077,2466,10470,29558,39.26,0,0.096
2026-01-02,in_app,internal,7674,7779,-105,1.0137,1024,7044,20331,0,0,0.106
2026-01-03,sms,msg91,5229,5115,114,0.9782,973,7588,35134,10.46,0,0.122
2026-01-03,sms,twilio,6654,6236,418,0.9372,2433,5040,31075,13.31,0,0.022
2026-01-03,email,nodemailer,4143,3800,343,0.9172,1699,6361,21173,1.24,0,0.076
2026-01-03,push,fcm,10091,7599,2492,0.753,909,10968,44200,0,0,0.079
2026-01-03,whatsapp,whatsapp_cloud,3846,3576,270,0.9298,2271,10565,23907,19.23,0,0.143
2026-01-03,in_app,internal,3552,3539,13,0.9963,2485,7533,34310,0,0,0.047
2026-01-04,sms,msg91,6297,5976,321,0.949,2240,9877,19538,12.59,0,0.138
2026-01-04,sms,twilio,6841,6473,368,0.9462,2969,9590,37935,13.68,0,0.137
2026-01-04,email,nodemailer,5442,4871,571,0.8951,1569,10834,20508,1.63,0,0.094
2026-01-04,push,fcm,9918,7428,2490,0.7489,2839,6681,24163,0,0,0.107
2026-01-04,whatsapp,whatsapp_cloud,3807,3511,296,0.9222,1746,10951,21244,19.04,0,0.066
2026-01-04,in_app,internal,2869,2817,52,0.9819,1590,5396,15458,0,0,0.071
2026-01-05,sms,msg91,14869,14050,819,0.9449,2624,10435,20782,29.74,0,0.122
2026-01-05,sms,twilio,13129,12279,850,0.9353,1614,11686,17811,26.26,0,0.059
2026-01-05,email,nodemailer,11151,10383,768,0.9311,1802,9539,22256,3.35,0,0.084
2026-01-05,push,fcm,19974,15020,4954,0.752,1152,6583,22157,0,0,0.029
2026-01-05,whatsapp,whatsapp_cloud,8548,8024,524,0.9387,1495,9260,31644,42.74,0,0.043
2026-01-05,in_app,internal,8365,8202,163,0.9805,2792,11745,18856,0,0,0.08
2026-01-06,sms,msg91,14532,14306,226,0.9844,906,4440,28741,29.06,0,0.122
2026-01-06,sms,twilio,13277,12876,401,0.9698,2850,4221,33278,26.55,0,0.048
2026-01-06,email,nodemailer,10244,9122,1122,0.8905,2932,8612,19763,3.07,0,0.103
2026-01-06,push,fcm,24422,18679,5743,0.7648,2430,6218,24782,0,0,0.043
2026-01-06,whatsapp,whatsapp_cloud,8767,8201,566,0.9354,1403,7619,21639,43.84,0,0.123
2026-01-06,in_app,internal,8125,8289,-164,1.0202,1108,5718,44639,0,0,0.022
2026-01-07,sms,msg91,16245,15603,642,0.9605,2443,11833,22617,32.49,0,0.135
2026-01-07,sms,twilio,16561,15486,1075,0.9351,2558,9677,23348,33.12,0,0.119
2026-01-07,email,nodemailer,10909,9697,1212,0.8889,1906,8706,31650,3.27,0,0.085
2026-01-07,push,fcm,20346,15250,5096,0.7495,1190,4428,31795,0,0,0.133
2026-01-07,whatsapp,whatsapp_cloud,7903,7452,451,0.9429,1486,7196,29795,39.52,0,0.047
2026-01-07,in_app,internal,8416,8205,211,0.9749,2059,9720,35637,0,0,0.149
2026-01-08,sms,msg91,13379,12939,440,0.9671,1365,5992,44467,26.76,0,0.08
2026-01-08,sms,twilio,13502,13039,463,0.9657,1706,10606,33476,27.0,0,0.07
2026-01-08,email,nodemailer,12068,10656,1412,0.883,2786,11062,30129,3.62,0,0.069
2026-01-08,push,fcm,21614,16572,5042,0.7667,2074,4568,32849,0,0,0.034
2026-01-08,whatsapp,whatsapp_cloud,9567,8874,693,0.9276,1220,8658,19804,47.84,0,0.048
2026-01-08,in_app,internal,9174,8991,183,0.9801,2232,4056,28481,0,0,0.057
2026-01-09,sms,msg91,15973,15455,518,0.9676,2746,8943,27749,31.95,0,0.045
2026-01-09,sms,twilio,15954,15345,609,0.9618,1398,8864,33733,31.91,0,0.095
2026-01-09,email,nodemailer,10310,9581,729,0.9293,1002,8159,38158,3.09,0,0.074
2026-01-09,push,fcm,24425,18296,6129,0.7491,2479,5769,21959,0,0,0.061
2026-01-09,whatsapp,whatsapp_cloud,9260,8444,816,0.9119,1841,10044,17726,46.3,0,0.026
2026-01-09,in_app,internal,8783,9006,-223,1.0254,1211,6719,34408,0,0,0.119
2026-01-10,sms,msg91,5906,5677,229,0.9612,2131,4571,41097,11.81,0,0.131
2026-01-10,sms,twilio,6645,6474,171,0.9743,981,4088,36578,13.29,0,0.131
2026-01-10,email,nodemailer,4685,4312,373,0.9204,2464,11917,44847,1.41,0,0.14
2026-01-10,push,fcm,9683,7346,2337,0.7586,2671,8787,43391,0,0,0.132
2026-01-10,whatsapp,whatsapp_cloud,3730,3532,198,0.9469,975,7451,34691,18.65,3,0.079
2026-01-10,in_app,internal,3669,3651,18,0.9951,2857,9376,41720,0,0,0.074
2026-01-11,sms,msg91,6196,5955,241,0.9611,2537,8121,24899,12.39,0,0.112
2026-01-11,sms,twilio,6629,6319,310,0.9532,2124,6329,33038,13.26,0,0.061
2026-01-11,email,nodemailer,4508,3991,517,0.8853,2370,4274,21203,1.35,0,0.084
2026-01-11,push,fcm,8324,6453,1871,0.7752,1775,8954,44262,0,0,0.107
2026-01-11,whatsapp,whatsapp_cloud,3886,3590,296,0.9238,2911,8065,38771,19.43,1,0.049
2026-01-11,in_app,internal,2937,2946,-9,1.0031,1643,10331,43553,0,0,0.101
2026-01-12,sms,msg91,16730,16218,512,0.9694,2227,6820,21451,33.46,0,0.046
2026-01-12,sms,twilio,15021,14487,534,0.9644,2406,8658,21920,30.04,0,0.043
2026-01-12,email,nodemailer,11705,10505,1200,0.8975,2393,10927,20567,3.51,0,0.114
2026-01-12,push,fcm,19142,14389,4753,0.7517,1802,6790,20330,0,0,0.126
2026-01-12,whatsapp,whatsapp_cloud,9035,8651,384,0.9575,1532,5290,16643,45.18,0,0.021
2026-01-12,in_app,internal,7272,7297,-25,1.0034,1627,5133,17495,0,0,0.073
2026-01-13,sms,msg91,16496,15876,620,0.9624,1067,8185,43604,32.99,0,0.093
2026-01-13,sms,twilio,14813,14290,523,0.9647,2196,6511,31114,29.63,0,0.134
2026-01-13,email,nodemailer,11736,10629,1107,0.9057,1623,10090,38210,3.52,0,0.066
2026-01-13,push,fcm,25024,19160,5864,0.7657,2751,6505,15812,0,0,0.076
2026-01-13,whatsapp,whatsapp_cloud,8982,8448,534,0.9405,2192,7097,35180,44.91,0,0.096
2026-01-13,in_app,internal,8322,8555,-233,1.028,1644,7931,44744,0,0,0.089
2026-01-14,sms,msg91,15619,15288,331,0.9788,1391,6358,22413,31.24,0,0.131
2026-01-14,sms,twilio,16404,15350,1054,0.9357,1989,6099,25001,32.81,0,0.073
2026-01-14,email,nodemailer,13263,12304,959,0.9277,1859,7684,17001,3.98,0,0.147
2026-01-14,push,fcm,20771,15529,5242,0.7476,2781,11250,25922,0,0,0.127
2026-01-14,whatsapp,whatsapp_cloud,8971,8295,676,0.9246,1174,6627,19320,44.86,0,0.088
2026-01-14,in_app,internal,8586,8750,-164,1.0191,1211,10688,41737,0,0,0.087
2026-01-15,sms,msg91,13994,13410,584,0.9583,1127,7018,21081,27.99,0,0.127
2026-01-15,sms,twilio,13131,12789,342,0.974,1860,10980,17736,26.26,0,0.036
2026-01-15,email,nodemailer,10544,9484,1060,0.8995,1294,9539,17865,3.16,0,0.114
2026-01-15,push,fcm,19109,14333,4776,0.7501,1200,6337,33443,0,0,0.082
2026-01-15,whatsapp,whatsapp_cloud,9098,8208,890,0.9022,1281,8104,25845,45.49,0,0.129
2026-01-15,in_app,internal,7819,7832,-13,1.0017,1432,10495,31035,0,0,0.1
2026-01-16,sms,msg91,14758,14413,345,0.9766,874,8716,44406,29.52,0,0.102
2026-01-16,sms,twilio,14338,14019,319,0.9778,890,6289,41995,28.68,0,0.102
2026-01-16,email,nodemailer,12389,11463,926,0.9253,1208,7539,30372,3.72,0,0.074
2026-01-16,push,fcm,20533,15912,4621,0.7749,1240,6934,16789,0,0,0.099
2026-01-16,whatsapp,whatsapp_cloud,8517,7903,614,0.9279,2057,5940,18522,42.59,0,0.136
2026-01-16,in_app,internal,8741,8966,-225,1.0257,2095,7663,26144,0,0,0.025
2026-01-17,sms,msg91,5150,4981,169,0.9672,969,8385,26056,10.3,0,0.115
2026-01-17,sms,twilio,6444,6346,98,0.9848,1296,10143,40733,12.89,0,0.025
2026-01-17,email,nodemailer,4367,3980,387,0.9114,1743,4037,23746,1.31,0,0.102
2026-01-17,push,fcm,9946,7548,2398,0.7589,1269,9549,33903,0,0,0.116
2026-01-17,whatsapp,whatsapp_cloud,4120,3779,341,0.9172,2130,4048,18103,20.6,0,0.029
2026-01-17,in_app,internal,3679,3575,104,0.9717,2827,9126,23793,0,0,0.021
2026-01-18,sms,msg91,6349,6248,101,0.9841,2054,10957,18944,12.7,0,0.086
2026-01-18,sms,twilio,6806,6689,117,0.9828,1794,5200,28842,13.61,0,0.07
2026-01-18,email,nodemailer,4118,3762,356,0.9136,2563,5959,27723,1.24,0,0.027
2026-01-18,push,fcm,8731,6541,2190,0.7492,2864,6230,32205,0,0,0.144
2026-01-18,whatsapp,whatsapp_cloud,3593,3270,323,0.9101,2832,10131,27908,17.96,0,0.119
2026-01-18,in_app,internal,3625,3558,67,0.9815,2740,6023,22890,0,0,0.081
2026-01-19,sms,msg91,14635,14086,549,0.9625,2453,10635,42152,29.27,0,0.03
2026-01-19,sms,twilio,13285,12991,294,0.9779,2238,9161,28703,26.57,0,0.105
2026-01-19,email,nodemailer,11212,10298,914,0.9185,1459,11568,16547,3.36,0,0.036
2026-01-19,push,fcm,20559,15793,4766,0.7682,2392,7970,34449,0,0,0.143
2026-01-19,whatsapp,whatsapp_cloud,10065,9626,439,0.9564,2640,7017,29362,50.33,0,0.048
2026-01-19,in_app,internal,7126,7084,42,0.9941,2793,6428,39563,0,0,0.028
2026-01-20,sms,msg91,13552,12957,595,0.9561,1629,6728,22468,27.1,0,0.047
2026-01-20,sms,twilio,15412,14903,509,0.967,2352,6979,36903,30.82,0,0.144
2026-01-20,email,nodemailer,10416,9727,689,0.9339,2652,8429,32171,3.12,0,0.021
2026-01-20,push,fcm,21331,15983,5348,0.7493,1805,9367,27101,0,0,0.082
2026-01-20,whatsapp,whatsapp_cloud,9374,8920,454,0.9516,1602,9491,26651,46.87,0,0.086
2026-01-20,in_app,internal,8416,8610,-194,1.0231,1095,6750,42210,0,0,0.026
2026-01-21,sms,msg91,14388,13518,870,0.9395,2404,4707,21072,28.78,0,0.098
2026-01-21,sms,twilio,13505,13327,178,0.9868,2778,6985,34765,27.01,0,0.137
2026-01-21,email,nodemailer,12439,11303,1136,0.9087,2225,9531,24790,3.73,0,0.13
2026-01-21,push,fcm,21761,16847,4914,0.7742,2640,4371,38672,0,0,0.029
2026-01-21,whatsapp,whatsapp_cloud,8648,8088,560,0.9352,1280,10080,38809,43.24,0,0.088
2026-01-21,in_app,internal,8615,8821,-206,1.0239,2198,6639,23327,0,0,0.056
2026-01-22,sms,msg91,13559,13089,470,0.9653,1821,7499,37378,27.12,0,0.063
2026-01-22,sms,twilio,14500,13985,515,0.9645,2365,4338,42647,29.0,0,0.123
2026-01-22,email,nodemailer,12815,11899,916,0.9285,1855,7856,26639,3.84,0,0.084
2026-01-22,push,fcm,22083,16739,5344,0.758,2378,5287,33104,0,0,0.113
2026-01-22,whatsapp,whatsapp_cloud,10198,9655,543,0.9468,863,11076,31225,50.99,0,0.118
2026-01-22,in_app,internal,7977,7870,107,0.9866,2567,10361,22464,0,0,0.041
2026-01-23,sms,msg91,14950,14541,409,0.9726,2725,6881,40434,29.9,0,0.109
2026-01-23,sms,twilio,16834,16595,239,0.9858,1169,4728,32262,33.67,0,0.096
2026-01-23,email,nodemailer,13408,12180,1228,0.9084,2013,10422,38019,4.02,0,0.052
2026-01-23,push,fcm,24902,18875,6027,0.758,2267,10770,26073,0,0,0.124
2026-01-23,whatsapp,whatsapp_cloud,10297,9365,932,0.9095,2618,8699,16699,51.48,0,0.053
2026-01-23,in_app,internal,7165,7298,-133,1.0186,1818,8386,17487,0,0,0.124
2026-01-24,sms,msg91,5995,5824,171,0.9715,2743,9593,20537,11.99,0,0.051
2026-01-24,sms,twilio,5285,5078,207,0.9608,1943,6181,38654,10.57,0,0.139
2026-01-24,email,nodemailer,4149,3823,326,0.9214,2182,11784,21243,1.24,0,0.076
2026-01-24,push,fcm,8303,6288,2015,0.7573,1879,10540,19844,0,0,0.065
2026-01-24,whatsapp,whatsapp_cloud,3199,2913,286,0.9106,2097,7628,16898,16.0,0,0.03
2026-01-24,in_app,internal,2779,2708,71,0.9745,1972,11455,21588,0,0,0.085
2026-01-25,sms,msg91,5359,5054,305,0.9431,2590,7277,21529,10.72,0,0.033
2026-01-25,sms,twilio,6131,5797,334,0.9455,2652,8907,21581,12.26,0,0.06
2026-01-25,email,nodemailer,4789,4438,351,0.9267,1639,9622,44871,1.44,0,0.077
2026-01-25,push,fcm,7822,5915,1907,0.7562,1363,6460,27389,0,0,0.03
2026-01-25,whatsapp,whatsapp_cloud,3524,3207,317,0.91,1921,7131,43142,17.62,0,0.11
2026-01-25,in_app,internal,2957,2993,-36,1.0122,1395,9782,34582,0,0,0.084
2026-01-26,sms,msg91,15528,14548,980,0.9369,2419,10281,28214,31.06,3,0.133
2026-01-26,sms,twilio,15671,14749,922,0.9412,2464,6671,28347,31.34,0,0.026
2026-01-26,email,nodemailer,11757,10971,786,0.9331,1969,11482,34728,3.53,0,0.091
2026-01-26,push,fcm,23267,17878,5389,0.7684,2146,4720,17486,0,0,0.037
2026-01-26,whatsapp,whatsapp_cloud,8267,7490,777,0.906,1205,9460,20827,41.34,0,0.136
2026-01-26,in_app,internal,8328,8248,80,0.9904,1366,4754,27822,0,0,0.09
2026-01-27,sms,msg91,16633,15887,746,0.9551,2870,7103,21615,33.27,0,0.109
2026-01-27,sms,twilio,14561,13943,618,0.9576,1939,5183,20982,29.12,0,0.119
2026-01-27,email,nodemailer,10212,9065,1147,0.8877,1061,4977,23481,3.06,0,0.082
2026-01-27,push,fcm,22821,17669,5152,0.7742,2298,4594,33024,0,0,0.082
2026-01-27,whatsapp,whatsapp_cloud,9827,9141,686,0.9302,1691,5061,22272,49.13,0,0.1
2026-01-27,in_app,internal,8158,8391,-233,1.0286,2543,7567,27358,0,0,0.098
2026-01-28,sms,msg91,15972,15057,915,0.9427,1653,5689,32647,31.94,0,0.035
2026-01-28,sms,twilio,13530,13218,312,0.9769,1911,10094,16122,27.06,0,0.072
2026-01-28,email,nodemailer,12546,11496,1050,0.9163,2926,6933,37516,3.76,0,0.048
2026-01-28,push,fcm,19129,14159,4970,0.7402,1095,7039,22706,0,0,0.127
2026-01-28,whatsapp,whatsapp_cloud,9354,8777,577,0.9383,2552,6265,33838,46.77,0,0.119
2026-01-28,in_app,internal,7895,8077,-182,1.0231,1380,7762,21818,0,0,0.035
2026-01-29,sms,msg91,16294,15257,1037,0.9364,1177,4683,34390,32.59,0,0.034
2026-01-29,sms,twilio,15410,14802,608,0.9605,2163,9983,43602,30.82,0,0.108
2026-01-29,email,nodemailer,12329,11248,1081,0.9123,1097,11973,22047,3.7,0,0.104
2026-01-29,push,fcm,24446,19127,5319,0.7824,2524,7787,18563,0,0,0.111
2026-01-29,whatsapp,whatsapp_cloud,9784,8911,873,0.9108,997,4120,17203,48.92,0,0.106
2026-01-29,in_app,internal,7300,7196,104,0.9858,1364,11229,35356,0,0,0.134
2026-01-30,sms,msg91,14598,14227,371,0.9746,1836,10558,19286,29.2,0,0.063
2026-01-30,sms,twilio,16844,15735,1109,0.9342,2859,7020,28911,33.69,0,0.14
2026-01-30,email,nodemailer,12103,11038,1065,0.912,2963,11023,16974,3.63,0,0.023
2026-01-30,push,fcm,20291,15646,4645,0.7711,2151,6157,39578,0,0,0.063
2026-01-30,whatsapp,whatsapp_cloud,10243,9594,649,0.9366,2317,8993,40879,51.22,0,0.089
2026-01-30,in_app,internal,7192,7168,24,0.9967,2098,7176,22031,0,0,0.101
2026-01-31,sms,msg91,6126,5708,418,0.9318,2104,8231,19001,12.25,0,0.058
2026-01-31,sms,twilio,6584,6407,177,0.9731,1201,5222,36576,13.17,0,0.145
2026-01-31,email,nodemailer,5248,4656,592,0.8872,2040,6168,17535,1.57,0,0.145
2026-01-31,push,fcm,9435,7154,2281,0.7582,803,5160,23476,0,0,0.066
2026-01-31,whatsapp,whatsapp_cloud,3839,3525,314,0.9182,1391,9578,40067,19.2,0,0.103
2026-01-31,in_app,internal,3552,3498,54,0.9848,1482,5263,29980,0,0,0.146
2026-02-01,sms,msg91,5723,5403,320,0.9441,2606,5764,24150,11.45,0,0.05
2026-02-01,sms,twilio,5211,5102,109,0.9791,1387,7895,30235,10.42,0,0.021
2026-02-01,email,nodemailer,5125,4608,517,0.8991,805,5693,42436,1.54,0,0.058
2026-02-01,push,fcm,9063,7069,1994,0.78,1982,11515,31747,0,0,0.149
2026-02-01,whatsapp,whatsapp_cloud,3918,3611,307,0.9216,1900,7764,23020,19.59,0,0.13
2026-02-01,in_app,internal,3442,3486,-44,1.0128,850,9484,40905,0,0,0.033
2026-02-02,sms,msg91,14888,14394,494,0.9668,2327,8527,16180,29.78,0,0.038
2026-02-02,sms,twilio,13670,13129,541,0.9604,2492,4251,39943,27.34,0,0.099
2026-02-02,email,nodemailer,12570,11634,936,0.9255,1678,7985,41911,3.77,0,0.12
2026-02-02,push,fcm,23351,18040,5311,0.7726,2577,8453,16354,0,0,0.12
2026-02-02,whatsapp,whatsapp_cloud,9548,8888,660,0.9309,2635,4991,30763,47.74,0,0.108
2026-02-02,in_app,internal,8836,8580,256,0.971,2269,6699,37338,0,0,0.132
2026-02-03,sms,msg91,13339,12726,613,0.954,2284,8133,30597,26.68,0,0.138
2026-02-03,sms,twilio,15172,14129,1043,0.9313,1546,7034,26865,30.34,0,0.121
2026-02-03,email,nodemailer,11036,10121,915,0.9171,2386,9422,36778,3.31,0,0.045
2026-02-03,push,fcm,23631,17761,5870,0.7516,2726,7154,34850,0,0,0.046
2026-02-03,whatsapp,whatsapp_cloud,8416,8050,366,0.9565,1007,6596,44581,42.08,0,0.098
2026-02-03,in_app,internal,7729,7715,14,0.9982,1684,7352,18435,0,0,0.084
2026-02-04,sms,msg91,13378,12997,381,0.9715,2883,11581,32069,26.76,0,0.049
2026-02-04,sms,twilio,16282,15284,998,0.9387,2475,6173,34442,32.56,0,0.149
2026-02-04,email,nodemailer,13656,12298,1358,0.9006,2315,11099,33442,4.1,0,0.084
2026-02-04,push,fcm,21652,16858,4794,0.7786,988,5408,39929,0,0,0.066
2026-02-04,whatsapp,whatsapp_cloud,8127,7724,403,0.9504,2104,8081,43217,40.63,0,0.097
2026-02-04,in_app,internal,8049,7963,86,0.9893,1559,6926,33062,0,0,0.046
2026-02-05,sms,msg91,16404,15632,772,0.9529,1722,4272,17978,32.81,0,0.058
2026-02-05,sms,twilio,16460,15615,845,0.9487,2979,9079,19990,32.92,0,0.026
2026-02-05,email,nodemailer,13059,11742,1317,0.8992,2428,7852,31958,3.92,0,0.049
2026-02-05,push,fcm,21529,16506,5023,0.7667,2098,5375,30504,0,0,0.09
2026-02-05,whatsapp,whatsapp_cloud,9093,8315,778,0.9144,2128,6389,30347,45.47,0,0.136
2026-02-05,in_app,internal,7557,7588,-31,1.0041,1722,9196,23498,0,0,0.149
2026-02-06,sms,msg91,13235,12738,497,0.9624,2486,10679,26588,26.47,0,0.129
2026-02-06,sms,twilio,14222,13411,811,0.943,2992,6009,35810,28.44,0,0.137
2026-02-06,email,nodemailer,11067,10139,928,0.9161,1776,5014,41801,3.32,0,0.061
2026-02-06,push,fcm,21611,16466,5145,0.7619,1401,5627,35071,0,0,0.031
2026-02-06,whatsapp,whatsapp_cloud,7873,7413,460,0.9416,2940,9852,31962,39.37,1,0.124
2026-02-06,in_app,internal,7425,7371,54,0.9927,1290,9450,30687,0,0,0.145
2026-02-07,sms,msg91,6645,6520,125,0.9812,929,4528,35844,13.29,0,0.114
2026-02-07,sms,twilio,6726,6332,394,0.9414,949,7502,40079,13.45,0,0.062
2026-02-07,email,nodemailer,4709,4227,482,0.8976,2828,9546,34941,1.41,0,0.097
2026-02-07,push,fcm,7543,5694,1849,0.7549,1616,9831,27368,0,0,0.053
2026-02-07,whatsapp,whatsapp_cloud,3112,2852,260,0.9165,2552,5724,25566,15.56,0,0.098
2026-02-07,in_app,internal,3003,3072,-69,1.023,1844,9294,25978,0,0,0.115
2026-02-08,sms,msg91,5215,5008,207,0.9603,2745,7508,41854,10.43,0,0.081
2026-02-08,sms,twilio,6393,6170,223,0.9651,1105,8880,17337,12.79,0,0.051
2026-02-08,email,nodemailer,4199,3883,316,0.9247,2596,11471,42634,1.26,0,0.139
2026-02-08,push,fcm,7888,5876,2012,0.7449,1562,5306,44368,0,0,0.123
2026-02-08,whatsapp,whatsapp_cloud,3580,3259,321,0.9103,1925,8233,35295,17.9,0,0.077
2026-02-08,in_app,internal,2929,2911,18,0.9939,2278,9286,24363,0,0,0.043
2026-02-09,sms,msg91,14575,13737,838,0.9425,1704,4388,25039,29.15,0,0.053
2026-02-09,sms,twilio,17206,16264,942,0.9453,1950,4284,16313,34.41,0,0.049
2026-02-09,email,nodemailer,12502,11171,1331,0.8935,1309,9853,41941,3.75,0,0.117
2026-02-09,push,fcm,25131,19371,5760,0.7708,2633,4105,32752,0,1,0.104
2026-02-09,whatsapp,whatsapp_cloud,8401,7893,508,0.9395,2168,4027,24891,42.01,0,0.107
2026-02-09,in_app,internal,8587,8365,222,0.9741,849,8958,21402,0,0,0.124
2026-02-10,sms,msg91,13045,12490,555,0.9575,1396,11404,27336,26.09,0,0.078
2026-02-10,sms,twilio,14290,13394,896,0.9373,1687,7959,21489,28.58,0,0.043
2026-02-10,email,nodemailer,11850,10931,919,0.9224,1014,10667,39866,3.55,0,0.035
2026-02-10,push,fcm,19115,14259,4856,0.746,2196,5119,21922,0,0,0.068
2026-02-10,whatsapp,whatsapp_cloud,9186,8766,420,0.9543,2306,8463,30453,45.93,0,0.033
2026-02-10,in_app,internal,7622,7433,189,0.9752,2134,11403,16574,0,0,0.132
2026-02-11,sms,msg91,15467,14488,979,0.9367,1069,7282,31997,30.93,0,0.052
2026-02-11,sms,twilio,15493,14841,652,0.9579,1611,9552,21542,30.99,0,0.027
2026-02-11,email,nodemailer,11350,10477,873,0.9231,1262,10533,35798,3.4,0,0.148
2026-02-11,push,fcm,22010,16824,5186,0.7644,1490,7530,43901,0,0,0.106
2026-02-11,whatsapp,whatsapp_cloud,7917,7182,735,0.9072,2064,4606,25055,39.59,0,0.035
2026-02-11,in_app,internal,8302,8197,105,0.9874,1655,4691,42647,0,0,0.074
2026-02-12,sms,msg91,14868,14419,449,0.9698,1811,9374,35733,29.74,0,0.143
2026-02-12,sms,twilio,16559,15501,1058,0.9361,2230,4996,32037,33.12,0,0.04
2026-02-12,email,nodemailer,11315,10510,805,0.9289,1407,9145,21790,3.39,0,0.104
2026-02-12,push,fcm,20310,15142,5168,0.7455,1776,4422,23414,0,0,0.104
2026-02-12,whatsapp,whatsapp_cloud,7905,7457,448,0.9433,2998,8979,31758,39.52,0,0.112
2026-02-12,in_app,internal,9015,9177,-162,1.018,801,7460,25565,0,0,0.022
2026-02-13,sms,msg91,15117,14298,819,0.9458,2325,9161,26322,30.23,0,0.101
2026-02-13,sms,twilio,15686,15179,507,0.9677,863,8223,19468,31.37,0,0.033
2026-02-13,email,nodemailer,11428,10288,1140,0.9002,2161,8752,43301,3.43,0,0.069
2026-02-13,push,fcm,20805,15726,5079,0.7559,1884,8341,25400,0,0,0.041
2026-02-13,whatsapp,whatsapp_cloud,8008,7439,569,0.9289,2118,7963,39145,40.04,0,0.071
2026-02-13,in_app,internal,8807,8681,126,0.9857,1759,11658,23487,0,0,0.134
2026-02-14,sms,msg91,5150,5060,90,0.9825,2767,5875,32629,10.3,0,0.122
2026-02-14,sms,twilio,6583,6215,368,0.9441,2598,6951,35090,13.17,0,0.078
2026-02-14,email,nodemailer,4876,4366,510,0.8954,2263,6948,44420,1.46,0,0.119
2026-02-14,push,fcm,9980,7503,2477,0.7518,1233,10403,24135,0,0,0.086
2026-02-14,whatsapp,whatsapp_cloud,3533,3357,176,0.9502,1418,8951,44337,17.66,0,0.128
2026-02-14,in_app,internal,3603,3630,-27,1.0075,1200,10001,44645,0,0,0.142
2026-02-15,sms,msg91,5328,4977,351,0.9341,2310,9504,43583,10.66,0,0.07
2026-02-15,sms,twilio,6374,5946,428,0.9329,2490,5291,31787,12.75,0,0.021
2026-02-15,email,nodemailer,5339,4898,441,0.9174,2703,6963,23120,1.6,0,0.064
2026-02-15,push,fcm,9412,7167,2245,0.7615,2561,7628,32413,0,0,0.097
2026-02-15,whatsapp,whatsapp_cloud,4131,3858,273,0.9339,1224,8691,35014,20.66,3,0.127
2026-02-15,in_app,internal,2856,2874,-18,1.0063,927,9563,23651,0,0,0.12
2026-02-16,sms,msg91,13527,13301,226,0.9833,825,7411,17789,27.05,0,0.051
2026-02-16,sms,twilio,14775,13931,844,0.9429,2926,7522,20969,29.55,0,0.091
2026-02-16,email,nodemailer,11096,10090,1006,0.9093,2821,10764,39773,3.33,2,0.098
2026-02-16,push,fcm,19840,14727,5113,0.7423,2203,4379,40870,0,0,0.097
2026-02-16,whatsapp,whatsapp_cloud,10042,9351,691,0.9312,1341,7154,28830,50.21,0,0.107
2026-02-16,in_app,internal,7204,6983,221,0.9693,1896,5225,28074,0,0,0.038
2026-02-17,sms,msg91,13348,12829,519,0.9611,1737,6279,35594,26.7,1,0.052
2026-02-17,sms,twilio,16487,16225,262,0.9841,1108,6212,42614,32.97,0,0.057
2026-02-17,email,nodemailer,11759,10732,1027,0.9127,2764,11077,25376,3.53,3,0.091
2026-02-17,push,fcm,21204,16098,5106,0.7592,2473,10850,16085,0,0,0.127
2026-02-17,whatsapp,whatsapp_cloud,8407,7701,706,0.916,1593,6671,25302,42.04,0,0.038
2026-02-17,in_app,internal,6951,6998,-47,1.0068,2761,7998,20348,0,0,0.143
2026-02-18,sms,msg91,13427,12751,676,0.9497,2855,5367,15759,26.85,0,0.139
2026-02-18,sms,twilio,13083,12208,875,0.9331,2096,6049,40910,26.17,0,0.098
2026-02-18,email,nodemailer,13462,12409,1053,0.9218,1881,8786,33483,4.04,0,0.128
2026-02-18,push,fcm,23415,18109,5306,0.7734,1166,7313,40197,0,0,0.113
2026-02-18,whatsapp,whatsapp_cloud,8846,8464,382,0.9568,2883,9403,39988,44.23,0,0.088
2026-02-18,in_app,internal,9054,8930,124,0.9863,2633,10700,42923,0,0,0.054
2026-02-19,sms,msg91,14559,14379,180,0.9876,1641,9864,23164,29.12,0,0.116
2026-02-19,sms,twilio,13865,13234,631,0.9545,1174,8824,16904,27.73,0,0.045
2026-02-19,email,nodemailer,10477,9716,761,0.9274,2020,10785,21663,3.14,0,0.128
2026-02-19,push,fcm,21731,16325,5406,0.7512,1328,8596,24925,0,0,0.101
2026-02-19,whatsapp,whatsapp_cloud,8582,8143,439,0.9488,2385,5530,21428,42.91,0,0.053
2026-02-19,in_app,internal,8369,8150,219,0.9738,883,5666,15107,0,0,0.031
2026-02-20,sms,msg91,12930,12332,598,0.9538,959,5411,41940,25.86,0,0.063
2026-02-20,sms,twilio,13176,12703,473,0.9641,1809,9778,27987,26.35,0,0.081
2026-02-20,email,nodemailer,10366,9458,908,0.9124,1808,5013,37480,3.11,0,0.032
2026-02-20,push,fcm,23631,17978,5653,0.7608,1839,5010,38476,0,0,0.035
2026-02-20,whatsapp,whatsapp_cloud,9062,8574,488,0.9461,2603,6111,24449,45.31,0,0.138
2026-02-20,in_app,internal,9164,9407,-243,1.0265,1419,10239,38408,0,0,0.036
2026-02-21,sms,msg91,5781,5585,196,0.9661,2681,9471,17236,11.56,0,0.107
2026-02-21,sms,twilio,6521,6416,105,0.9839,980,5418,29025,13.04,0,0.087
2026-02-21,email,nodemailer,4230,3817,413,0.9024,936,10131,23469,1.27,0,0.092
2026-02-21,push,fcm,8835,6696,2139,0.7579,1735,4862,42337,0,0,0.145
2026-02-21,whatsapp,whatsapp_cloud,3114,2903,211,0.9322,1609,6725,21776,15.57,0,0.065
2026-02-21,in_app,internal,3244,3303,-59,1.0182,2248,7032,27388,0,0,0.034
2026-02-22,sms,msg91,5155,5073,82,0.9841,1073,5287,23798,10.31,0,0.1
2026-02-22,sms,twilio,5886,5559,327,0.9444,1871,9712,34726,11.77,0,0.094
2026-02-22,email,nodemailer,5075,4697,378,0.9255,1089,5182,30578,1.52,0,0.133
2026-02-22,push,fcm,8377,6529,1848,0.7794,1413,4266,32229,0,0,0.115
2026-02-22,whatsapp,whatsapp_cloud,3910,3639,271,0.9307,1188,7881,25771,19.55,0,0.054
2026-02-22,in_app,internal,3482,3391,91,0.9739,889,6138,41423,0,0,0.147
2026-02-23,sms,msg91,16874,15854,1020,0.9396,2877,6362,18543,33.75,0,0.117
2026-02-23,sms,twilio,15679,15347,332,0.9788,1421,6674,36112,31.36,0,0.11
2026-02-23,email,nodemailer,12267,10947,1320,0.8924,2039,7861,43671,3.68,0,0.067
2026-02-23,push,fcm,20604,15222,5382,0.7388,1609,8556,33352,0,0,0.118
2026-02-23,whatsapp,whatsapp_cloud,8319,7921,398,0.9522,1586,4003,32337,41.59,0,0.047
2026-02-23,in_app,internal,7532,7740,-208,1.0276,1449,10465,33766,0,0,0.058
2026-02-24,sms,msg91,17159,16734,425,0.9752,2201,9861,19889,34.32,0,0.136
2026-02-24,sms,twilio,17246,16794,452,0.9738,1532,10904,22584,34.49,0,0.105
2026-02-24,email,nodemailer,12943,11943,1000,0.9227,1607,10788,39177,3.88,0,0.077
2026-02-24,push,fcm,21576,15971,5605,0.7402,2456,7357,26936,0,0,0.127
2026-02-24,whatsapp,whatsapp_cloud,8255,7682,573,0.9306,1909,7180,25602,41.27,0,0.106
2026-02-24,in_app,internal,8679,8508,171,0.9803,1080,6476,24311,0,0,0.095
2026-02-25,sms,msg91,15463,15217,246,0.9841,1803,6313,23636,30.93,0,0.055
2026-02-25,sms,twilio,16014,15050,964,0.9398,1113,5091,20297,32.03,0,0.095
2026-02-25,email,nodemailer,12468,11217,1251,0.8997,1504,9689,37793,3.74,0,0.032
2026-02-25,push,fcm,19098,14725,4373,0.771,2243,8739,34689,0,0,0.055
2026-02-25,whatsapp,whatsapp_cloud,10177,9221,956,0.9061,1538,11666,41012,50.88,0,0.077
2026-02-25,in_app,internal,7326,7344,-18,1.0025,1814,9361,23406,0,0,0.135
2026-02-26,sms,msg91,16897,15761,1136,0.9328,1695,4935,32590,33.79,0,0.112
2026-02-26,sms,twilio,12923,12060,863,0.9332,1587,9470,31129,25.85,0,0.106
2026-02-26,email,nodemailer,11531,10279,1252,0.8914,2968,11939,29352,3.46,0,0.11
2026-02-26,push,fcm,21038,15524,5514,0.7379,1805,10752,42815,0,0,0.12
2026-02-26,whatsapp,whatsapp_cloud,8843,8297,546,0.9383,1221,10506,23565,44.22,0,0.08
2026-02-26,in_app,internal,8176,8199,-23,1.0028,2320,5737,33145,0,0,0.074
2026-02-27,sms,msg91,15344,14709,635,0.9586,1874,10861,33345,30.69,0,0.063
2026-02-27,sms,twilio,13666,13268,398,0.9709,840,10551,23017,27.33,0,0.089
2026-02-27,email,nodemailer,11872,10609,1263,0.8936,1839,5322,27321,3.56,0,0.141
2026-02-27,push,fcm,20559,15400,5159,0.7491,1460,4125,43888,0,0,0.128
2026-02-27,whatsapp,whatsapp_cloud,10140,9663,477,0.953,2143,11873,27963,50.7,0,0.124
2026-02-27,in_app,internal,7806,7609,197,0.9748,1814,6740,43212,0,0,0.085
2026-02-28,sms,msg91,5332,5003,329,0.9383,2770,7457,22334,10.66,0,0.068
2026-02-28,sms,twilio,6461,6378,83,0.9872,2915,8298,21125,12.92,0,0.081
2026-02-28,email,nodemailer,5128,4735,393,0.9234,2128,7035,15266,1.54,0,0.06
2026-02-28,push,fcm,10074,7815,2259,0.7758,1127,10013,27145,0,0,0.033
2026-02-28,whatsapp,whatsapp_cloud,3650,3483,167,0.9542,2006,5160,19172,18.25,0,0.043
2026-02-28,in_app,internal,2787,2807,-20,1.0072,1800,8705,15802,0,0,0.119
